,Race,Gender,Age,Income,Degree,Community Type,Marital Status,Name,Backstory,Preferences
0,African American,Female,30-49,$50K-$75K,Bachelor's or higher,Urban,Divorced/Separated,Tasha Brooks,"Tasha Brooks, a 38-year-old African American woman, has lived most of her life in the heart of the bustling city. Despite facing challenges, Tasha has managed to overcome them with resilience, determination, and her unwavering belief in the power of education. Coming from a modest background, she was the first in her family to earn a Bachelor's degree, which not only opened doors of opportunities but helped her secure a stable income in the $50K-$75K range. Tasha's determination to create a better life for herself led her towards a successful career in marketing, with her unwavering dedication enabling her to climb the professional ladder. However, not all aspects of Tasha's personal life have been as triumphant. After navigating through a challenging marriage, she found herself divorced and separated, causing her to prioritize her own mental and emotional well-being. Tasha's personal experiences have made her compassionate and understanding, always willing to lend an ear or offer support to friends who may be going through similar circumstances. Through it all, she firmly believes that life's obstacles are merely opportunities for personal growth, and she continues to embrace her urban community while staying open to new connections and possibilities that may arise.","1. Self-care and wellness tips for busy professionals
2. Career advancement strategies and professional development
3. Financial management advice and budgeting tips for single individuals
4. Relationship and dating advice for divorced or separated individuals
5. Home decor and organization tips for urban living spaces
6. Health and fitness routines specifically designed for urban lifestyles
7. Tips for single parents on balancing work and family life
8. Mental health and stress management strategies for urban dwellers
9. Personal growth and empowerment stories from successful women
10. Travel recommendations and city guides for solo travelers in urban destinations."
1,African American,Male,65+,Over $100K,Bachelor's or higher,Suburban,Married,Melvin White,"Melvin White, an African American man in his late 60s, resides in a peaceful suburban community with his wife of 40 years. Having achieved a Bachelor's degree or higher, Melvin prides himself on his continuous pursuit of knowledge and personal growth throughout his life. Growing up during a time when racial equality was under constant scrutiny, Melvin faced his fair share of challenges and adversity, which instilled in him a strong sense of resilience and determination. His unwavering commitment to self-improvement led him to a successful career, that allowed him to secure a comfortable six-figure income. Melvin cherishes the love and stability he shares with his wife, knowing firsthand the importance of a solid partnership in navigating life's ups and downs. Now retired, Melvin enjoys spending his days engaged in a myriad of fulfilling activities, from volunteering in his community, to pursuing his passion for art, literature, and travel. He cherishes the opportunity to mentor younger generations, sharing his wisdom and experiences to inspire others to overcome adversity and strive for success. Melvin's life is a testament to the profound impact one can make with determination, resilience, and a thirst for knowledge.","1. Retirement planning and financial tips for secure retirement
2. Travel destinations for seniors
3. Health and wellness articles for older adults
4. Home improvement and gardening tips for suburban homeowners
5. Technology trends for seniors and recommendations for user-friendly devices
6. Personal finance articles on investing, wealth management, and estate planning
7. Retirement lifestyle and hobbies for active seniors
8. Articles on senior discounts, benefits, and financial assistance programs
9. Cultural and social issues affecting the African American community
10. Success stories and advice from accomplished older adults in various fields."
2,Hispanic,Male,50-64,$20K-$50K,Bachelor's or higher,Urban,Never married,Alejandro Gonzlez,"Alejandro Gonz√°lez, a Hispanic male in his 50s, has led a uniquely independent life. Growing up in an urban community, Alejandro's Latino heritage heavily influenced his upbringing and perspective on the world. His strong work ethic and determination led him to pursue higher education, earning a bachelor's degree and even considering a master's degree. Throughout his adulthood, Alejandro has carved a niche for himself in the urban landscape, working in various jobs that allowed him to embrace his creativity and entrepreneurial spirit. Despite facing financial challenges with an income ranging from $20,000 to $50,000, Alejandro has never let material possessions define his happiness or success. As a never-married individual, he cherishes the freedom and autonomy that come with being unattached, allowing him to fully engage with his community and explore diverse experiences. With a rich tapestry of life experiences, Alejandro brings a unique perspective to any situation, always eager to foster understanding and bridge cultural divides.","1. Financial planning for retirement
2. Healthy living and staying active in older age
3. Travel destinations and tips for solo travelers
4. Cultural events and festivals in urban areas
5. DIY home improvement projects and tips for small spaces
6. Personal growth and self-improvement strategies
7. Success stories of late bloomers and career changers
8. Art and literature reviews and recommendations
9. Latest technology trends and gadgets for everyday use
10. Local community development and volunteer opportunities"
3,White,Female,30-49,$75K-$100K,Bachelor's or higher,Urban,Married,Jennifer Davis,"Jennifer Davis, a 38-year-old married white woman, resides in a bustling urban community. With a bachelor's degree or higher and a steady income ranging from $75,000 to $100,000, Jennifer has dedicated herself to pursuing education and professional growth. She has spent years building a successful career that has provided her with financial stability. Her personal life revolves around her marriage, constantly seeking to cultivate a strong and fulfilling partnership with her spouse. Jennifer values the opportunities and diversity afforded by her urban surroundings and actively participates in community events, seeking connections and engaging in social activities. With a solid educational background and financial security, Jennifer embodies a well-rounded persona, ready to face life's challenges and embrace new opportunities.","1. Home improvement and interior design: Jennifer may be interested in articles related to home renovation, decorating tips, or organizing and decluttering her living space.

2. Healthy living and wellness: She may enjoy reading about exercise routines, healthy recipes, stress management techniques, or tips for maintaining a balanced lifestyle.

3. Personal finance and investment: Given her income and education level, Jennifer may be interested in articles about saving money, investing strategies, and financial planning for the future.

4. Parenting and family dynamics: If Jennifer has children, she might enjoy reading about parenting advice, family activities, or tips for creating a harmonious family environment.

5. Career development and entrepreneurship: As a college-educated professional, Jennifer may be interested in articles that offer career advice, interview tips, leadership development, or stories about successful entrepreneurs.

6. Travel and adventure: Jennifer may enjoy reading about travel destinations, tips for planning vacations, or stories of exciting adventures and experiences around the world.

7. Latest technology and gadgets: If Jennifer has an interest in technology, she might be interested in articles about the latest gadgets, smartphone reviews, or technology-related tips and hacks.

8. Sustainable living and environmental issues: If Jennifer is passionate about protecting the environment, she may be interested in articles about eco-friendly practices, sustainable living tips, or environmental advocacy.

9. Food and cooking: Jennifer might enjoy reading articles about new recipes, cooking techniques, restaurant reviews, or food trends.

10. Arts and culture: If Jennifer has an interest in the arts, she may be interested in articles about art exhibitions, theater performances, book recommendations, or updates on the latest cultural trends."
4,White,Female,18-29,$20K-$50K,High School,Urban,Divorced/Separated,Abigail Cooper,"Abigail Cooper, a 26-year-old white woman residing in an urban community, has navigated through a series of challenges that have shaped her into a resilient individual. After completing high school, Abigail found herself in an unfortunate marriage that ultimately ended in divorce, leaving her separated and emotionally burdened. With limited financial resources, Abigail is currently earning an annual income between $20K to $50K, which she depends on to support herself. While lacking a higher education degree, Abigail is driven to find stability and independence in her life. Her diverse urban surroundings have exposed her to a multitude of experiences, broadening her perspective and instilling a deep appreciation for the strength and resilience she possesses. Through her tenacity, Abigail seeks to overcome the obstacles she has faced and build a brighter future for herself.","1. Affordable fashion tips for young adults
2. Healthy recipes on a budget
3. Career advice for high school graduates
4. DIY home decor ideas for small urban apartments
5. Emotional well-being and self-care tips
6. Budget-friendly travel destinations and tips
7. Relationship advice for divorced or separated individuals
8. Personal finance tips for young adults starting over
9. Wellness and fitness tips for busy urban lifestyles
10. Inspiring success stories of individuals who overcame challenges"
5,White,Female,30-49,Over $100K,Bachelor's or higher,Rural,Divorced/Separated,Alexandra Williams,"Alexandra Williams, a 40-year-old white woman residing in a rural community, embodies resilience and carries a sense of independence. Having gone through a divorce, she has embraced her newfound freedom and thrives on her ability to make autonomous decisions. Alexandra possesses a bachelor's degree and earns a substantial income of over $100,000, which allows her to maintain a comfortable lifestyle. Her educational background has equipped her with the knowledge and skills necessary to excel in her career, where she presently holds a managerial position. This achievement serves as a testament to her determination and commitment. Alexandra's experiences have taught her the importance of self-reliance and personal growth, and she actively seeks opportunities for self-improvement. Despite her rural environment, she stays connected and informed through her use of technology and online communities, engaging in social causes and advocating for the empowerment of women. Alexandra's resilience, coupled with her education and life experiences, have shaped her into a confident, independent, and influential individual in her community.","1. Financial Planning & Investment Strategies
2. Career Development & Personal Growth
3. Healthy Lifestyle & Well-being
4. Travel & Adventure 
5. Home Improvement & DIY Projects
6. Parenting & Family Dynamics
7. Relationship Advice & Dating Tips
8. Entrepreneurship & Small Business Management
9. Technology & Gadgets
10. Arts & Culture"
6,Hispanic,Male,50-64,$75K-$100K,Bachelor's or higher,Suburban,Married,Miguel Rodrguez,"Miguel Rodriguez, a Hispanic male in his 50s, is a successful professional living in a suburban community. Having obtained a Bachelor's degree or higher, Miguel has spent decades dedicated to his career, which has granted him a stable annual income ranging from $75K to $100K. As a married man, Miguel has enjoyed the companionship and support of his spouse throughout a long and fulfilling relationship. Growing up in a diverse cultural background, Miguel values his Hispanic heritage and the importance of family, community, and tradition. He cherishes the enrichment that his accomplishments have provided for both himself and his loved ones, believing that education is a cornerstone for personal and professional growth. While navigating the suburban landscape, Miguel remains active in his community, fostering relationships with neighbors and contributing to local initiatives. With a wealth of life experiences and a genuine passion for others, Miguel seeks to find meaning and contentment in his continued pursuit of success and personal fulfillment.","1. Health and wellness tips for middle-aged adults
2. Financial planning and retirement strategies
3. Home improvement and DIY projects
4. Travel articles with recommendations for vacations or weekend getaways
5. Personal finance advice and money-saving tips
6. Technology updates and gadget reviews
7. Delicious and easy-to-make recipes
8. Parenting advice and tips for raising teenagers
9. Advice on finding and maintaining a happy marriage
10. Articles on current events and politics"
7,White,Female,30-49,$50K-$75K,Some College,Suburban,Married,Emily Roberts,"Emily Roberts is a 40-year-old married woman living in a peaceful, suburban neighborhood. Growing up in a middle-class family, she was provided with the opportunity to pursue higher education, though she decided to focus on gaining practical skills after some college. Emily has always been hardworking and thrives in a supportive environment. With a stable income of $50K-$75K, she is able to maintain a comfortable lifestyle alongside her husband. Emily cherishes the tranquility of her community, appreciating the safety, sense of belonging, and tight-knit relationships it fosters. Inspired by the suburban life, she actively participates in local events and organizations, using her free time to contribute positively to her community. Emily's lifelong experiences of stability, strong family values, and community engagement have shaped her into a compassionate and reliable individual, always ready to lend a helping hand to others.","1. Healthy Recipes and Meal Planning: Emily Roberts might be interested in reading articles about nutritious meal ideas, meal planning tips, and healthy eating habits to help maintain a balanced lifestyle.

2. Home Organization and DIY Projects: As someone living in a suburban community, Emily might be interested in articles that provide tips on home organization, DIY projects, storage solutions, and interior design.

3. Fitness and Exercise: Emily might be interested in reading articles about different fitness routines, workout tips, and exercise plans suitable for her age group and suburban lifestyle.

4. Budgeting and Financial Planning: With a household income of $50K-$75K, Emily might find articles about budgeting, money-saving tips, and financial planning helpful in managing her family's finances.

5. Parenting and Childcare: If Emily has children, she might be interested in articles that provide parenting advice, tips for raising healthy and happy kids, child development, and childcare options.

6. Self-Care and Mental Health: Emily might be interested in reading articles about self-care practices, stress management techniques, mindfulness, and maintaining good mental health.

7. Travel and Vacation Ideas: As a married individual living in a suburban community, Emily might enjoy reading articles featuring travel destinations, vacation planning tips, and ideas for family-friendly getaways.

8. Career Advancement and Professional Development: If Emily is currently employed, she might be interested in articles about career advancement, skill development, work-life balance, and tips for professional success.

9. Gardening and Outdoor Living: Emily might enjoy articles about gardening tips, outdoor living spaces, landscaping ideas, and sustainable practices for maintaining a beautiful suburban home.

10. Sustainable Living and Eco-Friendly Practices: Given the demographic information, Emily might have an interest in articles relating to sustainable living, eco-friendly practices, recycling tips, and reducing one's carbon footprint."
8,White,Female,65+,$75K-$100K,Some College,Suburban,Divorced/Separated,Mildred Williams,"Mildred Williams, a divorced white female in her late 60s, has led a life that has shaped her into a strong and independent individual. Growing up in a suburban neighborhood, she was raised in a middle-class family where she learned the values of hard work and perseverance. After attending some college, Mildred faced personal challenges and made the difficult decision to separate from her spouse. This experience, while painful, allowed her to reclaim her independence and rediscover her identity. With a steady income that ranges from $75K-$100K, Mildred has found financial stability, securing a comfortable life for herself in her suburban community. Throughout her life's ups and downs, she has remained resilient, nurturing her determination to live life on her own terms in her golden years.","1. Retirement planning and financial advice for seniors
2. Health and wellness tips for seniors
3. Travel destinations and tips for seniors
4. Home improvement and gardening ideas for suburban living
5. Healthy and easy recipes for cooking at home
6. Social activities and clubs for seniors in the local community
7. Personal development and self-improvement for seniors
8. Advice on dating and relationships for seniors
9. Technology tips and trends specifically catered to older adults
10. Fashion and style tips for mature women"
9,African American,Male,50-64,$75K-$100K,Bachelor's or higher,Suburban,Never married,Calvin Bailey,"Calvin Bailey, an African American man in his late 50s, has lived a fulfilling and independent life in the suburban community of his childhood. Never married, he has dedicated himself to pursuing his passions and advancing his career. With a bachelor's degree in business administration, he made his mark in the corporate world, climbing the ranks to achieve a comfortable income of $75K-$100K per year. Calvin's strong work ethic and determination stem from his childhood experiences growing up in a tight-knit and hardworking community. Although he has faced some challenges along the way, his resilient nature coupled with the support of his friends and family have paved the way for his success. With a keen interest in personal development and continuous learning, Calvin is always striving to expand his knowledge and skills, which has led to his continuous growth in his professional life. He remains dedicated to his community and actively seeks ways to give back, believing in the power of unity and empowerment. Through his journey, Calvin has learned the importance of cherishing personal independence and using his experiences to positively impact those around him.","1. Personal Finance and Investing: Calvin is interested in learning about different investment strategies, retirement planning, and ways to manage his income effectively.
2. Health and Wellness: Calvin wants to stay on top of the latest health trends, fitness tips, and information on how to maintain a healthy lifestyle as he ages.
3. Technology and Gadgets: Calvin enjoys staying up-to-date with the latest advancements in technology and gadgets, including smartphones, smart home devices, and emerging tech trends.
4. Travel and Adventure: Calvin has always dreamed of exploring new places and experiencing new cultures, so he enjoys reading articles about travel destinations, tips for solo travelers, and adventurous activities.
5. Current Events and Politics: Calvin likes to stay informed about the major news stories and political developments both nationally and internationally.
6. Real Estate and Home Improvement: As a suburban homeowner, Calvin is interested in articles that provide insights on real estate market trends, home improvement projects, and DIY hacks.
7. Personal Development and Success: Calvin is motivated to continuously improve himself. He enjoys reading articles that offer advice on personal development, productivity, goal-setting, and achieving success.
8. Food and Cooking: Calvin has a passion for cooking and enjoys experimenting with different recipes. He likes articles that provide new cooking techniques, unique ingredient combinations, and restaurant reviews.
9. Arts and Culture: Calvin appreciates various forms of art, including literature, music, and film. He enjoys reading articles about upcoming art exhibitions, new book releases, and reviews of cultural events.
10. Social Issues and Activism: Calvin is concerned about social justice and equality. He likes reading articles that delve into social issues, highlight grassroots movements, and offer perspectives on activism."
